id,Keyword,Name,Full_Address,Street_Address,City,State,Zip,Plus_Code,Website,Phone,Email,Facebook,Twitter,Instagram,Lat,Lng,Claimed,Category,Rating,Reviews,Top_Image_URL,Sub_Title,Pricing,Amenities,Summary,Monday,Tuesday,Wednesday,Thursday,Friday,Saturday,Sunday,External_Urls,Photo_Tags,URL,Unnamed: 36,Status
65,Anthony's Coal Fired Pizza 960 Dekalb Pike BLUE BELL PA 19422 (610) 275-2625,Anthony's Coal Fired Pizza,"960 Dekalb Pike Unit 600, Blue Bell, PA 19422",960 Dekalb Pike Unit 600,Blue Bell,PA,19422,"5P75+XJ Blue Bell, Pennsylvania",acfp.com,(610) 275-2625,"meda@acfp.com,media@acfp.com",https://www.facebook.com/anthonyscoalfiredpizza,,https://www.instagram.com/anthonyscoalfiredpizza/,40.1649891,-75.2909696,No,Pizza restaurant,4.3,355,https://lh5.googleusercontent.com/p/AF1QipOjo99Ux9PNF6k1A82uIfhuhR2ZDeg9-ZPI7isb=w408-h306-k-no,,$$,,,11AM–9PM,11AM–9PM,11AM–9PM,11AM–9PM,11AM–10PM,11AM–10PM,12–9PM,,"All, Menu, Food & drink, Vibe, By owner","https://www.google.com/maps/place/Anthony's+Coal+Fired+Pizza/@40.1649891,-75.2931636,17z/data=!4m5!3m4!1s0x89c6bcd9cdd363d3:0x2f0e0ff721d69a1b!8m2!3d40.1649891!4d-75.2909696?hl=en",,Scraped
64,Anthony's Coal Fired Pizza 2302B Nesconset Hwy STONY BROOK NY 11790 (631) 444-0818,Anthony's Coal Fired Pizza,"2302 Nesconset Hwy B, Stony Brook, NY 11790",2302 Nesconset Hwy B,Stony Brook,NY,11790,"VVGH+25 Stony Brook, New York",acfp.com,(631) 444-0818,"meda@acfp.com,media@acfp.com",https://www.facebook.com/anthonyscoalfiredpizza,,https://www.instagram.com/anthonyscoalfiredpizza/,40.8750085,-73.122108,No,Pizza restaurant,4.4,270,https://lh5.googleusercontent.com/p/AF1QipOpV3D3cJRHTHMkheTaO9eIkERx3waBwkckQgtJ=w408-h306-k-no,,$$,,,11:30AM–10PM,11:30AM–10PM,11:30AM–10PM,11:30AM–10PM,11:30AM–11PM,11:30AM–11PM,11:30AM–10PM,,"All, Menu, Food & drink, Street View & 360°","https://www.google.com/maps/place/Anthony's+Coal+Fired+Pizza/@40.8750085,-73.124302,17z/data=!4m5!3m4!1s0x89e838f011b7e661:0x5430ab02681d5d43!8m2!3d40.8750085!4d-73.122108?hl=en",,Scraped
63,Anthony's Coal Fired Pizza 1000 S State Road 7 WELLINGTON FL 33414-6263 (561) 615-1255,Anthony's Coal Fired Pizza,"1000 S State Rd 7, Wellington, FL 33414",1000 S State Rd 7,Wellington,FL,33414,"MQ7X+G4 Wellington, Florida",acfp.com,(561) 615-1255,"meda@acfp.com,media@acfp.com",https://www.facebook.com/anthonyscoalfiredpizza,,https://www.instagram.com/anthonyscoalfiredpizza/,26.663861999999998,-80.2021952,No,Pizza restaurant,4.4,483,https://lh5.googleusercontent.com/p/AF1QipMmxWIxcGzSGzCgbcl-Ncgsos-Fbg_Zb7nfxtlV=w408-h306-k-no,,$$,,,11AM–9PM,11AM–9PM,11AM–9PM,11AM–9PM,11AM–10PM,11:30AM–10PM,11:30AM–9PM,,"All, Latest, Menu, Food & drink, Vibe, By owner, Street View & 360°, Videos","https://www.google.com/maps/place/Anthony's+Coal+Fired+Pizza/@26.663862,-80.2043892,17z/data=!3m1!5s0x88d92f4682a893f7:0x94870c8e4c3ebb46!4m5!3m4!1s0x88d92f3897cb56e1:0x7e0521c8acc488ee!8m2!3d26.663862!4d-80.2021952?hl=en",,Scraped
62,Anthony's Coal Fired Pizza 102 McDowell Ln MCMURRAY PA 15317-2434 (724) 941-4900,Anthony's Coal Fired Pizza,"102 McDowell Ln, McMurray, PA 15317",102 McDowell Ln,McMurray,PA,15317,"7VCC+26 McMurray, Pennsylvania",acfp.com,(724) 941-4900,"meda@acfp.com,media@acfp.com",https://www.facebook.com/anthonyscoalfiredpizza,,https://www.instagram.com/anthonyscoalfiredpizza/,40.270017100000004,-80.1293833,No,Pizza restaurant,4.4,433,https://lh5.googleusercontent.com/p/AF1QipMuiYmzFWtZiKPkhz9wrngT4hoJRFoQGOG7yPrw=w426-h240-k-no,,$$,,,11:30AM–9PM,11:30AM–9PM,11:30AM–9PM,11:30AM–9PM,11:30AM–10PM,11:30AM–10PM,11:30AM–9PM,,"All, Latest, Menu, Food & drink, Vibe, By owner, Street View & 360°","https://www.google.com/maps/place/Anthony's+Coal+Fired+Pizza/@40.2700171,-80.1315773,17z/data=!3m1!4b1!4m5!3m4!1s0x883455b9a3c95ad3:0xfbdd5e75548b2d07!8m2!3d40.2700171!4d-80.1293833?hl=en",,Scraped
61,Anthony's Coal Fired Pizza 1203 S Federal Hwy POMPANO BEACH FL 33062-7067 (954) 942-5550,Anthony's Coal Fired Pizza,"1203 S Federal Hwy, Pompano Beach, FL 33062",1203 S Federal Hwy,Pompano Beach,FL,33062,"6V8V+3C Pompano Beach, Florida",acfp.com,(954) 942-5550,"meda@acfp.com,media@acfp.com",https://www.facebook.com/anthonyscoalfiredpizza,,https://www.instagram.com/anthonyscoalfiredpizza/,26.215185899999998,-80.10641190000001,No,Pizza restaurant,4.4,755,https://lh5.googleusercontent.com/p/AF1QipO_0i6E6ht8CAKuOQSY9fdeODqWGJIzfrEiz3RE=w408-h409-k-no,,$$,,,11:30AM–9:30PM,11:30AM–9:30PM,11:30AM–9:30PM,11:30AM–9:30PM,11:30AM–10PM,11:30AM–10PM,11:30AM–9:30PM,,"All, Menu, Food & drink, Vibe, By owner, Street View & 360°","https://www.google.com/maps/place/Anthony's+Coal+Fired+Pizza/@26.2151859,-80.1086059,17z/data=!4m5!3m4!1s0x88d9027c5af7f52d:0x2d3a0e6df3fb4d2d!8m2!3d26.2151859!4d-80.1064119?hl=en",,Scraped
60,Anthony's Coal Fired Pizza 123 E Swedesford Rd EXTON PA 19341-2333 (610) 594-1900,Anthony's Coal Fired Pizza,"123 E. Swedesford Road Suite K-L, Exton, PA 19341",123 E. Swedesford Road Suite K-L,Exton,PA,19341,"29PC+FJ Exton, Pennsylvania",acfp.com,(610) 594-1900,"meda@acfp.com,media@acfp.com",https://www.facebook.com/anthonyscoalfiredpizza,,https://www.instagram.com/anthonyscoalfiredpizza/,40.036170899999995,-75.62842370000001,No,Pizza restaurant,4.4,290,https://lh5.googleusercontent.com/p/AF1QipPO_mkJPb4ahXjrHb9YFl3Go3cY3Fidy04xriwx=w408-h431-k-no,,$$,,,4–9PM,4–9PM,4–9PM,4–9PM,11AM–10PM,11AM–10PM,12–9PM,,"All, Latest, Menu, Food & drink, By owner, Street View & 360°","https://www.google.com/maps/place/Anthony's+Coal+Fired+Pizza/@40.0361709,-75.6306177,17z/data=!4m5!3m4!1s0x89c6f49a14b5a339:0xcf3b5cdd6e9e71ff!8m2!3d40.0361709!4d-75.6284237?hl=en",,Scraped
59,Anthony's Coal Fired Pizza 12502 S W 88th St KENDALL FL 33186 (305) 273-8020,Anthony's Coal Fired Pizza,"12502 SW 88th St, Miami, FL 33186",12502 SW 88th St,Miami,FL,33186,"MJP2+7M Miami, Florida",acfp.com,(305) 273-8020,"meda@acfp.com,media@acfp.com",https://www.facebook.com/anthonyscoalfiredpizza,,https://www.instagram.com/anthonyscoalfiredpizza/,25.685631,-80.3983246,No,Pizza restaurant,4.5,712,https://lh5.googleusercontent.com/p/AF1QipMSBdQhQMjjJ_rMvMhevgeLAkqqXb86OG9uRd26=w408-h407-k-no,,$$,,,11:30AM–9:30PM,11:30AM–9:30PM,11:30AM–9:30PM,11:30AM–9:30PM,11:30AM–10PM,11:30AM–10PM,11:30AM–9:30PM,,"All, Menu, Food & drink, Vibe, By owner, Street View & 360°, Videos","https://www.google.com/maps/place/Anthony's+Coal+Fired+Pizza/@25.685631,-80.4005186,17z/data=!3m1!5s0x88d9c0fb36dff2c9:0x881f1844e22e8490!4m5!3m4!1s0x88d9c6ec72bdbdad:0x6739b2a165280fd!8m2!3d25.685631!4d-80.3983246?hl=en",,Scraped
58,Anthony's Coal Fired Pizza 1280 Broadhollow Rd FARMINGDALE NY 11735-3933 (631) 420-0407,Anthony's Coal Fired Pizza,"1280 Broadhollow Rd, Farmingdale, NY 11735",1280 Broadhollow Rd,Farmingdale,NY,11735,"PHMG+R9 Farmingdale, New York",,(631) 420-0407,,,,,40.7345856,-73.4240303,No,,4.2,,https://lh5.googleusercontent.com/p/AF1QipMkUJdS5mDGy0EhFy5hKJ6lO4LNGbrF4UWafL7j=w408-h306-k-no,,$$,,,11:30AM–9PM,11:30AM–9PM,11:30AM–9PM,11:30AM–9PM,11:30AM–9PM,11:30AM–9PM,11:30AM–9PM,,"All, Menu, Food & drink, Vibe, By owner, Street View & 360°, Videos","https://www.google.com/maps/place/Anthony's+Coal+Fired+Pizza/@40.7345856,-73.4262243,17z/data=!4m5!3m4!1s0x89e82ae0b22fbe91:0xd9e98026ba883a19!8m2!3d40.7345856!4d-73.4240303?hl=en",,Scraped
57,Anthony's Coal Fired Pizza 15492 NW 77th Ct MIAMI LAKES FL 33016-5823 (305) 558-3950,Anthony's Coal Fired Pizza,"15492 NW 77th Ct, Miami Lakes, FL 33016",15492 NW 77th Ct,Miami Lakes,FL,33016,"WM8F+45 Miami Lakes, Florida",acfp.com,(305) 558-3950,"meda@acfp.com,media@acfp.com",https://www.facebook.com/anthonyscoalfiredpizza,,https://www.instagram.com/anthonyscoalfiredpizza/,25.9152521,-80.32701180000001,No,Pizza restaurant,4.5,516,https://lh5.googleusercontent.com/p/AF1QipMfZf105cyRKlRvfnQfG41k6rK7cnPG_ReQr1L8=w408-h306-k-no,,$$,,,11AM–9:30PM,11AM–9:30PM,11AM–9:30PM,11AM–9:30PM,11AM–10PM,11:30AM–10PM,11:30AM–9:30PM,,"All, Menu, Food & drink, Vibe, By owner, Street View & 360°, Videos","https://www.google.com/maps/place/Anthony's+Coal+Fired+Pizza/@25.9152521,-80.3292058,17z/data=!3m1!5s0x88d9a4d10cd7567f:0xf6710c0fd7984ffd!4m5!3m4!1s0x88d9a4d6c3181e5f:0xf8882fe61ef9f55d!8m2!3d25.9152521!4d-80.3270118?hl=en",,Scraped
56,Anthony's Coal Fired Pizza 1600 State Route 23 WAYNE NJ 07470-7523 (973) 872-2625,Anthony's Coal Fired Pizza,"1600 Route 23 North, Wayne, NJ 07470",1600 Route 23 North,Wayne,NJ,7470,"WPQJ+JC Wayne, New Jersey",acfp.com,(973) 872-2625,"meda@acfp.com,media@acfp.com",https://www.facebook.com/anthonyscoalfiredpizza,,https://www.instagram.com/anthonyscoalfiredpizza/,40.9390651,-74.2689859,No,Pizza restaurant,4.3,268,https://lh5.googleusercontent.com/p/AF1QipONqjsCkU-T3fQjKqua7qDb1tv4Q1uxE8jJMnfD=w408-h306-k-no,,$$,,,11:30AM–10PM,11:30AM–10PM,11:30AM–10PM,11:30AM–10PM,11:30AM–10PM,11:30AM–10PM,11:30AM–9PM,,"All, Latest, Menu, Food & drink, By owner, Street View & 360°","https://www.google.com/maps/place/Anthony's+Coal+Fired+Pizza/@40.9390651,-74.2711799,17z/data=!4m5!3m4!1s0x89c304d14b224413:0xff15bc03ba8ecdfe!8m2!3d40.9390651!4d-74.2689859?hl=en",,Scraped
55,Anthony's Coal Fired Pizza 2101 Promenade Blvd FAIR LAWN NJ 07410-2805 (201) 796-2625,Anthony's Coal Fired Pizza,"2101 Promenade Blvd, Fair Lawn, NJ 07410",2101 Promenade Blvd,Fair Lawn,NJ,7410,"WVVC+F3 Fair Lawn, New Jersey",acfp.com,(201) 796-2625,"meda@acfp.com,media@acfp.com",https://www.facebook.com/anthonyscoalfiredpizza,,https://www.instagram.com/anthonyscoalfiredpizza/,40.943672799999995,-74.129848,No,Pizza restaurant,4.2,415,https://lh5.googleusercontent.com/p/AF1QipMVWAYmWh7yHhwHylYHya44hRMGV5fw7mCWlFKt=w408-h271-k-no,,$$,,,11:30AM–9PM,11:30AM–9PM,11:30AM–9PM,11:30AM–9PM,11:30AM–10PM,11:30AM–10PM,11:30AM–9PM,,"All, Latest, Menu, Food & drink, Vibe, By owner, Street View & 360°, Videos","https://www.google.com/maps/place/Anthony's+Coal+Fired+Pizza/@40.9436728,-74.132042,17z/data=!3m1!5s0x89c2fc834b4b871d:0x649be6dedec46945!4m5!3m4!1s0x89c2fc9cb4a2305b:0x353bfd350dd53867!8m2!3d40.9436728!4d-74.129848?hl=en",,Scraped
54,Anthony's Coal Fired Pizza 180 Needham St NEWTON MA 02464-1508 (617) 467-4250,Anthony's Coal Fired Pizza,"180 Needham St, Newton, MA 02464",180 Needham St,Newton,MA,2464,"8Q6P+JQ Newton, Massachusetts",,(617) 467-4250,,,,,42.3115528,-71.2130583,No,Pizza restaurant,4.3,340,https://lh5.googleusercontent.com/p/AF1QipMIQiltQAOtasTgpkwgDNrF26caYujKwN2_VXe4=w408-h306-k-no,,$$,,,11:30AM–9PM,11:30AM–9PM,11:30AM–9PM,11:30AM–9PM,11:30AM–10PM,11:30AM–10PM,11:30AM–9PM,,"All, Menu, Food & drink, Vibe, Street View & 360°","https://www.google.com/maps/place/Anthony's+Coal+Fired+Pizza/@42.3115528,-71.2152523,17z/data=!4m5!3m4!1s0x89e38219d294b7bf:0xe6bbc13ac39cb903!8m2!3d42.3115528!4d-71.2130583?hl=en",,Scraped
53,Anthony's Coal Fired Pizza 201 Constitution Ave LITTLETON MA 01460-1144 (978) 486-4124,Anthony's Coal Fired Pizza,"201 Constitution Ave, Littleton, MA 01460",201 Constitution Ave,Littleton,MA,1460,"HG2C+MQ Littleton, Massachusetts",acfp.com,(978) 486-4124,"meda@acfp.com,media@acfp.com",https://www.facebook.com/anthonyscoalfiredpizza,,https://www.instagram.com/anthonyscoalfiredpizza/,42.551742600000004,-71.47807840000002,No,Pizza restaurant,4.1,671,https://lh5.googleusercontent.com/p/AF1QipNwV9__mKzshqX6hr-U0kY7-J01TeRFeapT416K=w426-h240-k-no,,$$,,,11:30AM–9PM,11:30AM–9PM,11:30AM–9PM,11:30AM–9PM,11:30AM–10PM,11:30AM–10PM,11:30AM–9PM,,"All, Latest, Menu, Food & drink, By owner, Street View & 360°, Videos","https://www.google.com/maps/place/Anthony's+Coal+Fired+Pizza/@42.5517426,-71.4802724,17z/data=!4m5!3m4!1s0x89e395df54eaf889:0x11b8b006bdbb28!8m2!3d42.5517426!4d-71.4780784?hl=en",,Scraped
52,Anthony's Coal Fired Pizza 2343 SE Federal Hwy STUART FL 34994-4528 (772) 287-7741,Anthony's Coal Fired Pizza,"2343 SE Federal Hwy, Stuart, FL 34994",2343 SE Federal Hwy,Stuart,FL,34994,"5QH8+2C Stuart, Florida",acfp.com,(772) 287-7741,"meda@acfp.com,media@acfp.com",https://www.facebook.com/anthonyscoalfiredpizza,,https://www.instagram.com/anthonyscoalfiredpizza/,27.177535,-80.2338786,No,Pizza restaurant,4.5,424,https://lh5.googleusercontent.com/p/AF1QipP6kIqDTo47eG0GHic-a2yPvqiaEcFvpdgHcdko=w408-h409-k-no,,$$,,,11AM–9PM,11AM–9PM,11AM–9PM,11AM–9PM,11AM–10PM,11:30AM–10PM,11:30AM–9PM,,"All, Latest, Menu, Food & drink, By owner, Street View & 360°, Videos","https://www.google.com/maps/place/Anthony's+Coal+Fired+Pizza/@27.177535,-80.2360726,17z/data=!3m1!5s0x88dedd09bc621491:0x7edf0a3ae06cdfc5!4m5!3m4!1s0x88dedd09960856eb:0x57c5a2d37a40ddea!8m2!3d27.177535!4d-80.2338786?hl=en",,Scraped
51,Anthony's Coal Fired Pizza 2532 N McMullen Booth Rd CLEARWATER FL 33761-4150 (727) 797-0929,Anthony's Coal Fired Pizza,"2532 McMullen Booth Rd, Clearwater, FL 33761",2532 McMullen Booth Rd,Clearwater,FL,33761,"277R+C2 Clearwater, Florida",acfp.com,(727) 797-0929,"meda@acfp.com,media@acfp.com",https://www.facebook.com/anthonyscoalfiredpizza,,https://www.instagram.com/anthonyscoalfiredpizza/,28.0135782,-82.70988299999999,No,Pizza restaurant,4.3,743,https://lh5.googleusercontent.com/p/AF1QipPZfP71oZ7GWr1lvpzV-GiU0C83_-PYymkdynk=w408-h409-k-no,,$$,,,,,,,,,,,"All, Latest, Menu, Food & drink, Vibe, By owner, Street View & 360°, Videos","https://www.google.com/maps/place/Anthony's+Coal+Fired+Pizza/@28.0135782,-82.712077,17z/data=!4m5!3m4!1s0x88c2eddf5d42e0eb:0x719c038197ef5a9c!8m2!3d28.0135782!4d-82.709883?hl=en",,Scraped
50,Anthony's Coal Fired Pizza 2680 Pga Blvd PALM BEACH GARDENS FL 33410-2904 (561) 804-7777,Anthony's Coal Fired Pizza,"2680 PGA Boulevard, Palm Beach Gardens, FL 33410",2680 PGA Boulevard,Palm Beach Gardens,FL,33410,"RWVF+PM Palm Beach Gardens, Florida",acfp.com,(561) 804-7777,"meda@acfp.com,media@acfp.com",https://www.facebook.com/anthonyscoalfiredpizza,,https://www.instagram.com/anthonyscoalfiredpizza/,26.844294199999997,-80.0757678,No,Pizza restaurant,4.3,552,https://lh5.googleusercontent.com/p/AF1QipPzUDoa1oOJaGX9baPVRP6EzCD18T3I5qJH31_V=w426-h240-k-no,,$$,,,11AM–9PM,11AM–9PM,11AM–9PM,11AM–9PM,11AM–10PM,11:30AM–10PM,11:30AM–9PM,,"All, Latest, Menu, Food & drink, Vibe, By owner, Street View & 360°","https://www.google.com/maps/place/Anthony's+Coal+Fired+Pizza/@26.8442942,-80.0779618,17z/data=!3m1!5s0x88df2ac081d1838b:0x776ec1a86714d2da!4m5!3m4!1s0x88df2abf82208a19:0x74dc1d6fe9e52021!8m2!3d26.8442942!4d-80.0757678?hl=en",,Scraped
49,Anthony's Coal Fired Pizza 2740 Stroschein Rd MONROEVILLE PA 15146 (412) 373-0700,Anthony's Coal Fired Pizza,"2740 Stroschein Rd, Monroeville, PA 15146",2740 Stroschein Rd,Monroeville,PA,15146,"C6QJ+5C Monroeville, Pennsylvania",acfp.com,(412) 373-0700,"meda@acfp.com,media@acfp.com",https://www.facebook.com/anthonyscoalfiredpizza,,https://www.instagram.com/anthonyscoalfiredpizza/,40.437957700000005,-79.76896509999999,No,Pizza restaurant,4.4,637,https://lh5.googleusercontent.com/p/AF1QipNsS9G5nUm4XuaYVQDj8OvdKsl7bl9XfYb7wlp2=w408-h306-k-no,,$$,,,11:30AM–9PM,11:30AM–9PM,11:30AM–9PM,11:30AM–9PM,11:30AM–10PM,11:30AM–10PM,11:30AM–9PM,,"All, Menu, Food & drink, Vibe, By owner, Street View & 360°","https://www.google.com/maps/place/Anthony's+Coal+Fired+Pizza/@40.4379577,-79.7711591,17z/data=!4m5!3m4!1s0x8834ea3bba1df139:0x56aba37c83513a55!8m2!3d40.4379577!4d-79.7689651?hl=en",,Scraped
48,Anthony's Coal Fired Pizza 321 E Lancaster Ave WAYNE PA 19087-4201 (484) 580-8022,Anthony's Coal Fired Pizza,"321 E Lancaster Ave Unit F, Wayne, PA 19087",321 E Lancaster Ave Unit F,Wayne,PA,19087,"2JVC+Q7 Wayne, Pennsylvania",acfp.com,(484) 580-8022,"meda@acfp.com,media@acfp.com",https://www.facebook.com/anthonyscoalfiredpizza,,https://www.instagram.com/anthonyscoalfiredpizza/,40.0444721,-75.3793381,No,Pizza restaurant,4.3,286,https://lh5.googleusercontent.com/p/AF1QipOI95ApZHqyW40XsOZm5CBes992NA10sih9gyzY=w408-h306-k-no,,$$,,,11AM–9PM,11AM–9PM,11AM–9PM,11AM–9PM,11AM–10PM,11AM–10PM,12–9PM,,"All, Menu, Food & drink, By owner, Street View & 360°, Videos","https://www.google.com/maps/place/Anthony's+Coal+Fired+Pizza/@40.0444721,-75.3815321,17z/data=!4m5!3m4!1s0x89c6952397a594f1:0xd6278098918676a6!8m2!3d40.0444721!4d-75.3793381?hl=en",,Scraped
47,Anthony's Coal Fired Pizza 8119 Town Center Way LIVINGSTON NJ 7039 (973) 992-2625,Anthony's Coal Fired Pizza,"8119 Town Center Way, Livingston, NJ 07039",8119 Town Center Way,Livingston,NJ,7039,"QMWP+HC Livingston, New Jersey",acfp.com,(973) 992-2625,"meda@acfp.com,media@acfp.com",https://www.facebook.com/anthonyscoalfiredpizza,,https://www.instagram.com/anthonyscoalfiredpizza/,40.7964299,-74.3138837,No,Pizza restaurant,4.2,390,https://lh5.googleusercontent.com/p/AF1QipNDZLeXgd7kMezNDitjMWZpBF2ujcESYdgCjtoj=w408-h612-k-no,,$$,,,11:30AM–9PM,11:30AM–9PM,11:30AM–9PM,11:30AM–9PM,11:30AM–10PM,11:30AM–10PM,11:30AM–9PM,,"All, Latest, Menu, Food & drink, Vibe, By owner, Street View & 360°, Videos","https://www.google.com/maps/place/Anthony's+Coal+Fired+Pizza/@40.7964299,-74.3160777,17z/data=!4m5!3m4!1s0x89c3a97dd80441b5:0x7cfdcd4d78133544!8m2!3d40.7964299!4d-74.3138837?hl=en",,Scraped
46,Anthony's Coal Fired Pizza 9521 Westview Dr CORAL SPRINGS FL 33076-2512 (954) 340-2625,Anthony's Coal Fired Pizza,"9521 Westview Dr, Coral Springs, FL 33076",9521 Westview Dr,Coral Springs,FL,33076,"7PXX+QF Coral Springs, Florida",acfp.com,(954) 340-2625,"meda@acfp.com,media@acfp.com",https://www.facebook.com/anthonyscoalfiredpizza,,https://www.instagram.com/anthonyscoalfiredpizza/,26.299480699999997,-80.2513642,No,Pizza restaurant,4.4,617,https://lh5.googleusercontent.com/p/AF1QipP__McgCNJeaItTCcEcArJ05mNqZ-WrcvNfq8xR=w426-h240-k-no,,$$,,,11:30AM–9:30PM,11:30AM–9:30PM,11:30AM–9:30PM,11:30AM–9:30PM,11:30AM–10PM,11:30AM–10PM,11:30AM–9:30PM,,"All, Latest, Menu, Food & drink, Vibe, By owner, Street View & 360°, Videos","https://www.google.com/maps/place/Anthony's+Coal+Fired+Pizza/@26.2994807,-80.2535582,17z/data=!4m5!3m4!1s0x88d91ac07352f04b:0xc3904ac245091896!8m2!3d26.2994807!4d-80.2513642?hl=en",,Scraped
45,Anthony's Coal Fired Pizza 100 Welsh Rd HORSHAM PA 19044-2249 (215) 657-1113,Anthony's Coal Fired Pizza,"100 Welsh Rd Unit K, Horsham, PA 19044",100 Welsh Rd Unit K,Horsham,PA,19044,"5V54+8C Horsham, Pennsylvania",acfp.com,(215) 657-1113,"meda@acfp.com,media@acfp.com",https://www.facebook.com/anthonyscoalfiredpizza,,https://www.instagram.com/anthonyscoalfiredpizza/,40.158272499999995,-75.1439577,No,Pizza restaurant,4.3,517,https://lh5.googleusercontent.com/p/AF1QipN58gOMlZbtScaCS2PyLH6RWeaJEDRUnyhhdePy=w426-h240-k-no,,$$,,,11:30AM–10PM,11:30AM–10PM,11:30AM–10PM,11:30AM–10PM,11:30AM–10PM,11:30AM–10PM,11:30AM–9PM,,"All, Menu, Food & drink, Street View & 360°, Videos","https://www.google.com/maps/place/Anthony's+Coal+Fired+Pizza/@40.1582725,-75.1461517,17z/data=!3m1!5s0x89c6afe2f8327667:0x43d56a262b8c4742!4m5!3m4!1s0x89c6b01d533a9cff:0x40dc3c6cb92c1865!8m2!3d40.1582725!4d-75.1439577?hl=en",,Scraped
44,Anthony's Coal Fired Pizza 119 University Ave WESTWOOD MA 02090-2325 (781) 329-3339,Anthony's Coal Fired Pizza,"119 University Ave, Westwood, MA 02090",119 University Ave,Westwood,MA,2090,"6R5X+46 Westwood, Massachusetts",acfp.com,(781) 329-3339,"meda@acfp.com,media@acfp.com",https://www.facebook.com/anthonyscoalfiredpizza,,https://www.instagram.com/anthonyscoalfiredpizza/,42.207794799999995,-71.1519614,No,Pizza restaurant,4.3,443,https://lh5.googleusercontent.com/p/AF1QipPu22lUOBv3yo-sB31YKEBZoktMA_dl5U0Y0l5g=w426-h240-k-no,,$$,,,11:30AM–9PM,11:30AM–9PM,11:30AM–9PM,11:30AM–9PM,11:30AM–10PM,11:30AM–10PM,11:30AM–9PM,,"All, Latest, Menu, Food & drink, Vibe, By owner, Street View & 360°, Videos","https://www.google.com/maps/place/Anthony's+Coal+Fired+Pizza/@42.2077948,-71.1541554,17z/data=!3m1!5s0x89e4802e6ef080dd:0xfb255222af181c06!4m5!3m4!1s0x89e4802bedccdba1:0xf87011262bba85ba!8m2!3d42.2077948!4d-71.1519614?hl=en",,Scraped
43,Anthony's Coal Fired Pizza 13020 N Dale Mabry Hwy TAMPA FL 33618-2808 (813) 265-2625,Anthony's Coal Fired Pizza,"13020 N Dale Mabry Hwy, Tampa, FL 33618",13020 N Dale Mabry Hwy,Tampa,FL,33618,"3F7V+QH Tampa, Florida",acfp.com,(813) 265-2625,"meda@acfp.com,media@acfp.com",https://www.facebook.com/anthonyscoalfiredpizza,,https://www.instagram.com/anthonyscoalfiredpizza/,28.064490999999997,-82.5060253,No,Pizza restaurant,4.5,737,https://lh5.googleusercontent.com/p/AF1QipMQURZaj5pjZwgnPW7w6SLhcr8CmhlWsYOk1uKP=w408-h306-k-no,,$$,,,11AM–9PM,11AM–9PM,11AM–9PM,11AM–9PM,11AM–10PM,11:30AM–10PM,11:30AM–9PM,,"All, Latest, Menu, Food & drink, Vibe, By owner, Street View & 360°","https://www.google.com/maps/place/Anthony's+Coal+Fired+Pizza/@28.064491,-82.5082193,17z/data=!3m1!5s0x88c2c0be58caf293:0xc253361f200a0e37!4m5!3m4!1s0x88c2c0ee860e8c17:0x789d91d708c098b6!8m2!3d28.064491!4d-82.5060253?hl=en",,Scraped
42,Anthony's Coal Fired Pizza 1810 Settlers Ridge Center Dr PITTSBURGH PA 15205-1446 (412) 787-3434,Anthony's Coal Fired Pizza,"1810 Settlers Ridge Center Dr, Pittsburgh, PA 15205",1810 Settlers Ridge Center Dr,Pittsburgh,PA,15205,"CVQ3+6C Pittsburgh, Pennsylvania",acfp.com,(412) 787-3434,"meda@acfp.com,media@acfp.com",https://www.facebook.com/anthonyscoalfiredpizza,,https://www.instagram.com/anthonyscoalfiredpizza/,40.4380379,-80.14646259999999,No,Pizza restaurant,4.3,775,https://lh5.googleusercontent.com/p/AF1QipO54ROmf5WTmAw-AoZufvjOMFveOSjB-O3UiZqC=w408-h406-k-no,,$$,,,11:30AM–9PM,11:30AM–9PM,11:30AM–9PM,11:30AM–9PM,11:30AM–10PM,11:30AM–10PM,11:30AM–9PM,,"All, Menu, Food & drink, Vibe, By owner, Street View & 360°","https://www.google.com/maps/place/Anthony's+Coal+Fired+Pizza/@40.4380379,-80.1486566,17z/data=!3m1!4b1!4m5!3m4!1s0x883459219d67d577:0x17aa3e6a04754f9d!8m2!3d40.4380379!4d-80.1464626?hl=en",,Scraped
41,Anthony's Coal Fired Pizza 1912 W Brandon Blvd BRANDON FL 33511-4814 (813) 409-3830,Anthony's Coal Fired Pizza,"1912 W Brandon Blvd, Brandon, FL 33511",1912 W Brandon Blvd,Brandon,FL,33511,"WMQM+7M Brandon, Florida",acfp.com,(813) 409-3830,"meda@acfp.com,media@acfp.com",https://www.facebook.com/anthonyscoalfiredpizza,,https://www.instagram.com/anthonyscoalfiredpizza/,27.9381854,-82.31578449999999,No,Pizza restaurant,4.5,931,https://lh5.googleusercontent.com/p/AF1QipPkltSI0iFahc-yDXpMb4ByTd_tXNWjgGv-Zh6l=w408-h612-k-no,,$$,,,11AM–9PM,11AM–9PM,11AM–9PM,11AM–9PM,11AM–10PM,11:30AM–10PM,11:30AM–9PM,,"All, Latest, Menu, Food & drink, Vibe, By owner, Street View & 360°, Videos","https://www.google.com/maps/place/Anthony's+Coal+Fired+Pizza/@27.9381854,-82.3179785,17z/data=!4m5!3m4!1s0x88c2ce648f900fa7:0x944249f2b1b345f9!8m2!3d27.9381854!4d-82.3157845?hl=en",,Scraped
40,Anthony's Coal Fired Pizza 3430 Sunrise Hwy WANTAGH NY 11793-4069 (516) 679-2625,Anthony's Coal Fired Pizza,"3430 Sunrise Hwy, Wantagh, NY 11793",3430 Sunrise Hwy,Wantagh,NY,11793,"MFCW+X4 Wantagh, New York",acfp.com,(516) 679-2625,"meda@acfp.com,media@acfp.com",https://www.facebook.com/anthonyscoalfiredpizza,,https://www.instagram.com/anthonyscoalfiredpizza/,40.672478600000005,-73.5047435,No,Pizza restaurant,4.4,323,https://lh5.googleusercontent.com/p/AF1QipMVD_HcQgbAOo7Gy3du_Tv254j85aWwzEBPIKMY=w408-h277-k-no,,$$,,,11AM–9PM,11AM–9PM,11AM–9PM,11AM–9PM,11AM–10PM,11AM–10PM,11AM–9PM,,"All, Latest, Menu, Food & drink, Vibe, By owner, Street View & 360°, Videos","https://www.google.com/maps/place/Anthony's+Coal+Fired+Pizza/@40.6724786,-73.5069375,17z/data=!3m1!5s0x89c27ec3322cf981:0x969c1fb603898eda!4m5!3m4!1s0x89c27f1b955b00fb:0x2e21d1b19ad1e64d!8m2!3d40.6724786!4d-73.5047435?hl=en",,Scraped
39,Anthony's Coal Fired Pizza 4180 Veterans Memorial Hwy BOHEMIA NY 11716-1032 (631) 647-2625,Anthony's Coal Fired Pizza,"4180 Veterans Memorial Hwy, Bohemia, NY 11716",4180 Veterans Memorial Hwy,Bohemia,NY,11716,"QWJ2+RQ Bohemia, New York",acfp.com,(631) 647-2625,"meda@acfp.com,media@acfp.com",https://www.facebook.com/anthonyscoalfiredpizza,,https://www.instagram.com/anthonyscoalfiredpizza/,40.7820217,-73.09803120000001,No,Pizza restaurant,4.2,538,https://lh5.googleusercontent.com/p/AF1QipPFrdS8XQKpmczxLlMUqRmn8bJPBGPnNHPU4KUO=w408-h306-k-no,,$$,,,11AM–9PM,11AM–9PM,11AM–9PM,11AM–9PM,11AM–10PM,11AM–10PM,11AM–9PM,,"All, Latest, Menu, Food & drink, Vibe, By owner, Street View & 360°","https://www.google.com/maps/place/Anthony's+Coal+Fired+Pizza/@40.7820217,-73.1002252,17z/data=!4m5!3m4!1s0x89e8362d1372f2b9:0xa4c3449976c64453!8m2!3d40.7820217!4d-73.0980312?hl=en",,Scraped
38,Anthony's Coal Fired Pizza 420 Northern Blvd GREAT NECK NY 11021-4813 (516) 482-0400,Anthony's Coal Fired Pizza,"420 Northern Blvd, Great Neck, NY 11021",420 Northern Blvd,Great Neck,NY,11021,"Q7HH+Q6 Great Neck, New York",,(516) 482-0400,,,,,40.779390500000005,-73.72196170000001,No,Pizza restaurant,4.3,377,https://lh5.googleusercontent.com/p/AF1QipMH8ZAd830UZTVmrnlz0dVs3fOgdpVhAiLL8btO=w426-h240-k-no,,$$,,,Closed,Closed,Closed,Closed,Closed,11:30–11:31AM,Closed,,"All, Menu, Food & drink, Vibe, Street View & 360°","https://www.google.com/maps/place/Anthony's+Coal+Fired+Pizza/@40.7793905,-73.7241557,17z/data=!4m5!3m4!1s0x89c289bfad144685:0x71cf56fa38dcf291!8m2!3d40.7793905!4d-73.7219617?hl=en",,Scraped
37,Anthony's Coal Fired Pizza 512 N Pine Island Rd PLANTATION FL 33324-1308 (954) 474-3311,Anthony's Coal Fired Pizza,"512 N Pine Island Rd, Plantation, FL 33324",512 N Pine Island Rd,Plantation,FL,33324,"4PGP+QX Plantation, Florida",acfp.com,(954) 474-3311,"meda@acfp.com,media@acfp.com",https://www.facebook.com/anthonyscoalfiredpizza,,https://www.instagram.com/anthonyscoalfiredpizza/,26.1268897,-80.2625142,No,Pizza restaurant,4.5,880,https://lh5.googleusercontent.com/p/AF1QipN0wqjGSj4rW19rGGdhnTYYQAP59Y0QRQwhSRa8=w408-h407-k-no,,$$,,,11:30AM–9:30PM,11:30AM–9:30PM,11:30AM–9:30PM,11:30AM–9:30PM,11:30AM–10PM,11:30AM–10PM,11:30AM–9:30PM,,"All, Latest, Menu, Food & drink, Vibe, By owner, Street View & 360°, Videos","https://www.google.com/maps/place/Anthony's+Coal+Fired+Pizza/@26.1268897,-80.2647082,17z/data=!3m1!5s0x88d907cf26f0166b:0xb01df47d4f1b9450!4m5!3m4!1s0x88d907cf063be255:0x2ca81a8dfbc25b9f!8m2!3d26.1268897!4d-80.2625142?hl=en",,Scraped
36,Anthony's Coal Fired Pizza 5611 Concord Pike WILMINGTON DE 19803-1428 (302) 477-1488,Anthony's Coal Fired Pizza,"5611 Concord Pike, Wilmington, DE 19803",5611 Concord Pike,Wilmington,DE,19803,"RFM5+FC Wilmington, Delaware",acfp.com,(302) 477-1488,"meda@acfp.com,media@acfp.com",https://www.facebook.com/anthonyscoalfiredpizza,,https://www.instagram.com/anthonyscoalfiredpizza/,39.833697799999996,-75.5413853,No,Pizza restaurant,4.5,495,https://lh5.googleusercontent.com/p/AF1QipMQwxJLi7yUlr5j-cQy-WQGuqg6sJzkBq_yBUnN=w408-h273-k-no,,$$,,,,,,,,,,,"All, Menu, Food & drink, By owner, Street View & 360°","https://www.google.com/maps/place/Anthony's+Coal+Fired+Pizza/@39.8336978,-75.5435793,17z/data=!4m5!3m4!1s0x89c6fb3bae9d75df:0x6fcf6df6a9230453!8m2!3d39.8336978!4d-75.5413853?hl=en",,Scraped
35,Anthony's Coal Fired Pizza 7000 Midlantic Dr MOUNT LAUREL NJ 08054-1529 (856) 234-2725,Anthony's Coal Fired Pizza,"7000 Midlantic Dr Suite 300, Mt Laurel Township, NJ 08054",7000 Midlantic Dr Suite 300,Mt Laurel Township,NJ,8054,"X38J+43 Mt Laurel Township, New Jersey",acfp.com,(856) 234-2725,"meda@acfp.com,media@acfp.com",https://www.facebook.com/anthonyscoalfiredpizza,,https://www.instagram.com/anthonyscoalfiredpizza/,39.9653604,-74.9198268,No,Pizza restaurant,4.4,598,https://lh5.googleusercontent.com/p/AF1QipNGoJH-PpEvzbIgBUDXgA7ATF6_-SnMKOPjugoq=w408-h306-k-no,,$$,,,11:30AM–9PM,11:30AM–9PM,11:30AM–9PM,11:30AM–9PM,11:30AM–10PM,11:30AM–10PM,11:30AM–9PM,,"All, Latest, Menu, Food & drink, By owner, Street View & 360°","https://www.google.com/maps/place/Anthony's+Coal+Fired+Pizza/@39.9653604,-74.9220208,17z/data=!4m5!3m4!1s0x89c135804b7fb693:0x4e6389922eaef151!8m2!3d39.9653604!4d-74.9198268?hl=en",,Scraped
34,Anthony's Coal Fired Pizza 750 N Krocks Rd ALLENTOWN PA 18106-9079 (610) 366-9701,Anthony's Coal Fired Pizza,"750 N Krocks Rd Suite 208, Allentown, PA 18106",750 N Krocks Rd Suite 208,Allentown,PA,18106,"HC7M+QQ Allentown, Pennsylvania",acfp.com,(610) 366-9701,"meda@acfp.com,media@acfp.com",https://www.facebook.com/anthonyscoalfiredpizza,,https://www.instagram.com/anthonyscoalfiredpizza/,40.564375399999996,-75.565515,No,Pizza restaurant,4.3,648,https://lh5.googleusercontent.com/p/AF1QipPs9M0d-s-U0Z4zN05yLfSRPlGa2uyfn0LHbcLT=w408-h306-k-no,,$$,,,11:30AM–9PM,11:30AM–9PM,11:30AM–9PM,11:30AM–9PM,11:30AM–10PM,11:30AM–10PM,11:30AM–9PM,,"All, Latest, Menu, Food & drink, By owner","https://www.google.com/maps/place/Anthony's+Coal+Fired+Pizza/@40.5643754,-75.567709,17z/data=!3m1!5s0x89c43050e45228bf:0x8f0bf4010b2d02a!4m5!3m4!1s0x89c4305092afaccf:0x140bc730af8a58d9!8m2!3d40.5643754!4d-75.565515?hl=en",,Scraped
33,Anthony's Coal Fired Pizza 851 S Federal Hwy BOCA RATON FL 33432-6165 (561) 338-3028,Anthony's Coal Fired Pizza,"851 S Federal Hwy A-1, Boca Raton, FL 33432",851 S Federal Hwy A-1,Boca Raton,FL,33432,"8WV7+28 Boca Raton, Florida",acfp.com,(561) 338-3028,"meda@acfp.com,media@acfp.com",https://www.facebook.com/anthonyscoalfiredpizza,,https://www.instagram.com/anthonyscoalfiredpizza/,26.342544800000002,-80.0866528,No,Pizza restaurant,4.3,304,https://lh5.googleusercontent.com/p/AF1QipM5Lj6S28B_CgIAIPUOWyZh5kOY-48A1xc1t3T1=w408-h544-k-no,,$$,,,11:30AM–9:30PM,11:30AM–9:30PM,11:30AM–9:30PM,11:30AM–9:30PM,11:30AM–10PM,11:30AM–10PM,11:30AM–9:30PM,,"All, Latest, Menu, Food & drink, Vibe, By owner, Street View & 360°, Videos","https://www.google.com/maps/place/Anthony's+Coal+Fired+Pizza/@26.3425448,-80.0888468,17z/data=!4m5!3m4!1s0x88d8e211daf99e41:0xcab2ee38e0ea366!8m2!3d26.3425448!4d-80.0866528?hl=en",,Scraped
32,Anthony's Coal Fired Pizza 852 State Rt 3 CLIFTON NJ 07012-2343 (973) 471-2625,Anthony's Coal Fired Pizza,"852 NJ-3, Clifton, NJ 07012",852 NJ-3,Clifton,NJ,7012,"RRQV+HR Clifton, New Jersey",acfp.com,(973) 471-2625,"meda@acfp.com,media@acfp.com",https://www.facebook.com/anthonyscoalfiredpizza,,https://www.instagram.com/anthonyscoalfiredpizza/,40.838913399999996,-74.15548340000001,No,Pizza restaurant,4.2,545,https://lh5.googleusercontent.com/p/AF1QipNY042WE6SHGDN0kZPNRwHiQFLXydhAh1DW8Uci=w408-h544-k-no,,$$,,,11:30AM–10PM,11:30AM–10PM,11:30AM–10PM,11:30AM–10PM,11:30AM–10PM,11:30AM–10PM,11:30AM–9PM,,"All, Latest, Menu, Food & drink, By owner, Street View & 360°, Videos","https://www.google.com/maps/place/Anthony's+Coal+Fired+Pizza/@40.8389134,-74.1576774,17z/data=!4m5!3m4!1s0x89c2ff1329975797:0x1ee1a3429b80a2bd!8m2!3d40.8389134!4d-74.1554834?hl=en",,Scraped
31,Anthony's Coal Fired Pizza 219 North Main St NATICK MA 1760 (774) 290-5106,Anthony's Coal Fired Pizza,"219 N Main St Suit A-104, Natick, MA 01760",219 N Main St Suit A-104,Natick,MA,1760,"8J2R+V5 Natick, Massachusetts",acfp.com,(774) 290-5106,"meda@acfp.com,media@acfp.com",https://www.facebook.com/anthonyscoalfiredpizza,,https://www.instagram.com/anthonyscoalfiredpizza/,42.3021506,-71.35961340000001,No,Pizza restaurant,4.4,145,https://lh5.googleusercontent.com/p/AF1QipOOyOqJ1z2GvbAWBz9-ekvbuWq0-CpfzFnnvtPC=w408-h306-k-no,,$$,,,11:30AM–9PM,11:30AM–9PM,11:30AM–9PM,11:30AM–9PM,11:30AM–10PM,11:30AM–10PM,11:30AM–9PM,,"All, Food & drink, Vibe, By owner, Street View & 360°","https://www.google.com/maps/place/Anthony's+Coal+Fired+Pizza/@42.3021506,-71.3618074,17z/data=!4m5!3m4!1s0x89e3863896555555:0xc985430466c3f36f!8m2!3d42.3021506!4d-71.3596134?hl=en",,Scraped
30,Anthony's Coal Fired Pizza 137 Old Country Rd CARLE PLACE NY 11514-1805 (516) 877-7750,Anthony's Coal Fired Pizza,"137 Old Country Rd, Carle Place, NY 11514",137 Old Country Rd,Carle Place,NY,11514,"P9VJ+CV Carle Place, New York",acfp.com,(516) 877-7750,"meda@acfp.com,media@acfp.com",https://www.facebook.com/anthonyscoalfiredpizza,,https://www.instagram.com/anthonyscoalfiredpizza/,40.7435408,-73.61778709999999,No,Pizza restaurant,4.2,333,https://lh5.googleusercontent.com/p/AF1QipNQpvArKXp2KTFLCHrqE9pXWRZhDkON_ytlUaIu=w408-h305-k-no,,$$,,,11AM–9PM,11AM–9PM,11AM–9PM,11AM–9PM,11AM–10PM,11AM–10PM,11AM–9PM,,"All, Latest, Menu, Food & drink, By owner, Street View & 360°","https://www.google.com/maps/place/Anthony's+Coal+Fired+Pizza/@40.7435408,-73.6199811,17z/data=!4m5!3m4!1s0x89c28787de67a131:0x1f66008471e6c71!8m2!3d40.7435408!4d-73.6177871?hl=en",,Scraped
29,Anthony's Coal Fired Pizza 1580 N Federal Hwy FORT LAUDERDALE FL 33304-1432 (954) 563-2625,Anthony's Coal Fired Pizza,"1580 N Federal Hwy, Fort Lauderdale, FL 33304",1580 N Federal Hwy,Fort Lauderdale,FL,33304,"4VXJ+95 Fort Lauderdale, Florida",acfp.com,(954) 563-2625,"meda@acfp.com,media@acfp.com",https://www.facebook.com/anthonyscoalfiredpizza,,https://www.instagram.com/anthonyscoalfiredpizza/,26.148398,-80.119597,No,Pizza restaurant,4.5,729,https://lh5.googleusercontent.com/p/AF1QipMDVHlGXEzhXtqPwxY4zJIKYgadzJ8dBTQY73g-=w434-h240-k-no,,$$,,,11:30AM–9:30PM,11:30AM–9:30PM,11:30AM–9:30PM,11:30AM–9:30PM,11:30AM–10PM,11:30AM–10PM,11:30AM–9:30PM,,"All, Menu, Food & drink, Vibe, By owner, Street View & 360°","https://www.google.com/maps/place/Anthony's+Coal+Fired+Pizza/@26.148398,-80.121791,17z/data=!4m5!3m4!1s0x88d901c07218cc25:0x21bb6937d8559bba!8m2!3d26.148398!4d-80.119597?hl=en",,Scraped
28,Anthony's Coal Fired Pizza 17901 Biscayne Blvd AVENTURA FL 33160-2502 (305) 830-2625,Anthony's Coal Fired Pizza,"17901 Biscayne Blvd, Aventura, FL 33160",17901 Biscayne Blvd,Aventura,FL,33160,"WVR2+JW Aventura, Florida",acfp.com,(305) 830-2625,"meda@acfp.com,media@acfp.com",https://www.facebook.com/anthonyscoalfiredpizza,,https://www.instagram.com/anthonyscoalfiredpizza/,25.941503,-80.1476339,No,Pizza restaurant,4.3,892,https://lh5.googleusercontent.com/p/AF1QipNqomibNhEkFE2Qy4Gtp4lWlZVoILxIy95lxJcn=w426-h240-k-no,,$$,,,11:30AM–9:30PM,11:30AM–9:30PM,11:30AM–9:30PM,11:30AM–9:30PM,11:30AM–10PM,11:30AM–10PM,11:30AM–9:30PM,,"All, Latest, Menu, Food & drink, Vibe, By owner, Street View & 360°, Videos","https://www.google.com/maps/place/Anthony's+Coal+Fired+Pizza/@25.941503,-80.1498279,17z/data=!3m1!5s0x88d9adae3d98da7d:0xb1d18069d8d5b31!4m5!3m4!1s0x88d9ac5354c588cf:0x625f5a1aeabc663b!8m2!3d25.941503!4d-80.1476339?hl=en",,Scraped
27,Anthony's Coal Fired Pizza 1835 NE 123rd St NORTH MIAMI FL 33181-2805 (305) 899-8887,Anthony's Coal Fired Pizza,"1835 NE 123rd St, North Miami, FL 33181",1835 NE 123rd St,North Miami,FL,33181,"VRQQ+XC North Miami, Florida",acfp.com,(305) 899-8887,"meda@acfp.com,media@acfp.com",https://www.facebook.com/anthonyscoalfiredpizza,,https://www.instagram.com/anthonyscoalfiredpizza/,25.8899307,-80.1614253,No,Pizza restaurant,4.4,628,https://lh5.googleusercontent.com/p/AF1QipO0stBcOmOxCntcDuUv8vLVj86xXAJdpdM1ezjO=w408-h306-k-no,,$$,,,11AM–9:30PM,11AM–9:30PM,11AM–9:30PM,11AM–9:30PM,11AM–10PM,11:30AM–10PM,11:30AM–9:30PM,,"All, Latest, Menu, Food & drink, Vibe, By owner, Street View & 360°, Videos","https://www.google.com/maps/place/Anthony's+Coal+Fired+Pizza/@25.8899307,-80.1636193,17z/data=!4m5!3m4!1s0x88d9b273890a7b5b:0x55f79d07deeb9c67!8m2!3d25.8899307!4d-80.1614253?hl=en",,Scraped
26,Anthony's Coal Fired Pizza 21065 Powerline Rd BOCA RATON FL 33433-2313 (561) 218-6600,Anthony's Coal Fired Pizza,"21065 Powerline Rd Ste C5, Boca Raton, FL 33433",21065 Powerline Rd Ste C5,Boca Raton,FL,33433,"9R6W+RP Boca Raton, Florida",acfp.com,(561) 218-6600,"meda@acfp.com,media@acfp.com",https://www.facebook.com/anthonyscoalfiredpizza,,https://www.instagram.com/anthonyscoalfiredpizza/,26.362070199999998,-80.1531544,No,Pizza restaurant,4.4,301,https://lh5.googleusercontent.com/p/AF1QipP714zEb-x-icbDXoDdTvMVHjJ1nilIYkCEPny2=w408-h406-k-no,,$$,,,11:30AM–9:30PM,11:30AM–9:30PM,11:30AM–9:30PM,11:30AM–9:30PM,11:30AM–10PM,11:30AM–10PM,11:30AM–9:30PM,,"All, Menu, Food & drink, By owner, Street View & 360°","https://www.google.com/maps/place/Anthony's+Coal+Fired+Pizza/@26.3620702,-80.1553484,17z/data=!4m5!3m4!1s0x88d91e821f688d6d:0x28e7298181180a01!8m2!3d26.3620702!4d-80.1531544?hl=en",,Scraped
25,Anthony's Coal Fired Pizza 2203 S Federal Hwy FORT LAUDERDALE FL 33316-3593 (954) 462-5555,Anthony's Coal Fired Pizza,"2203 S Federal Hwy, Fort Lauderdale, FL 33316",2203 S Federal Hwy,Fort Lauderdale,FL,33316,"3VV7+Q7 Fort Lauderdale, Florida",acfp.com,(954) 462-5555,"meda@acfp.com,media@acfp.com",https://www.facebook.com/anthonyscoalfiredpizza,,https://www.instagram.com/anthonyscoalfiredpizza/,26.0944335,-80.1368204,No,Pizza restaurant,4.5,"1,503",https://lh5.googleusercontent.com/p/AF1QipMBmUEBhT9CHC9haN41jEMZmDi7M3DwOk_gYE-S=w408-h306-k-no,,$$,,,,,,,,,,,"All, Menu, Food & drink, Vibe, By owner, Street View & 360°, Videos","https://www.google.com/maps/place/Anthony's+Coal+Fired+Pizza/@26.0944335,-80.1390144,17z/data=!4m5!3m4!1s0x88d900649eb1dee7:0xc9eff66acab26810!8m2!3d26.0944335!4d-80.1368204?hl=en",,Scraped
24,Anthony's Coal Fired Pizza 2733 Papermill Rd WYOMISSING PA 19610-3339 (610) 816-5722,Anthony's Coal Fired Pizza,"2733 Papermill Rd Suite 7, Wyomissing, PA 19610",2733 Papermill Rd Suite 7,Wyomissing,PA,19610,"9248+XF Wyomissing, Pennsylvania",acfp.com,(610) 816-5722,"meda@acfp.com,media@acfp.com",https://www.facebook.com/anthonyscoalfiredpizza,,https://www.instagram.com/anthonyscoalfiredpizza/,40.357420700000006,-75.98378659999999,No,Pizza restaurant,4.3,408,https://lh5.googleusercontent.com/p/AF1QipOTrDIXixkTboKYwXPUcLZVpKbWYpn7OiKfzBKf=w408-h306-k-no,,$$,,,11AM–9PM,11AM–9PM,11AM–9PM,11AM–9PM,11AM–10PM,11AM–10PM,12–9PM,,"All, Menu, Food & drink, Vibe, Street View & 360°","https://www.google.com/maps/place/Anthony's+Coal+Fired+Pizza/@40.3574207,-75.9859806,17z/data=!3m1!5s0x89c676a4f36c0b81:0x6b0904ef4fd8ef6b!4m5!3m4!1s0x89c676a4f1340f1d:0x63dda9f66b9d26c4!8m2!3d40.3574207!4d-75.9837866?hl=en",,Scraped
23,Anthony's Coal Fired Pizza 2801 NW 87th Ave DORAL FL 33172-1603 (305) 718-8499,Anthony's Coal Fired Pizza,"2801 NW 87th Ave, Doral, FL 33172",2801 NW 87th Ave,Doral,FL,33172,"RM27+58 Doral, Florida",acfp.com,(305) 718-8499,"meda@acfp.com,media@acfp.com",https://www.facebook.com/anthonyscoalfiredpizza,,https://www.instagram.com/anthonyscoalfiredpizza/,25.8004843,-80.3366359,No,Pizza restaurant,4.5,"1,415",https://lh5.googleusercontent.com/p/AF1QipNNRePs1khOD8GKT_IR_2q6KIzLdLpBDAvPmHfT=w408-h544-k-no,,$$,,,,,,,,,,,"All, Latest, Menu, Food & drink, Vibe, By owner, Street View & 360°, Videos","https://www.google.com/maps/place/Anthony's+Coal+Fired+Pizza/@25.8004843,-80.3388299,17z/data=!4m5!3m4!1s0x88d9b96f441cc0b5:0x779de43a961c36b7!8m2!3d25.8004843!4d-80.3366359?hl=en",,Scraped
22,Anthony's Coal Fired Pizza 420 E Altamonte Dr ALTAMONTE SPRINGS FL 32701-4659 (407) 260-2625,Anthony's Coal Fired Pizza,"420 E Altamonte Dr Suite 1020, Altamonte Springs, FL 32701",420 E Altamonte Dr Suite 1020,Altamonte Springs,FL,32701,"MJ7F+83 Altamonte Springs, Florida",acfp.com,(407) 260-2625,"meda@acfp.com,media@acfp.com",https://www.facebook.com/anthonyscoalfiredpizza,,https://www.instagram.com/anthonyscoalfiredpizza/,28.663261,-81.37731840000001,No,Pizza restaurant,4.4,931,https://lh5.googleusercontent.com/p/AF1QipMAysKIsKB45er83LSsyaJnaUgKWqwIfF2ydwdJ=w408-h404-k-no,,$$,,,11AM–9PM,11AM–9PM,11AM–9PM,11AM–9PM,11AM–10PM,11:30AM–10PM,11:30AM–9PM,,"All, Latest, Menu, Food & drink, Vibe, By owner, Street View & 360°, Videos","https://www.google.com/maps/place/Anthony's+Coal+Fired+Pizza/@28.663261,-81.3795124,17z/data=!4m5!3m4!1s0x88e7719b9e9016c1:0x7af75bb4e54c5b29!8m2!3d28.663261!4d-81.3773184?hl=en",,Scraped
21,Anthony's Coal Fired Pizza 4805 Limestone Rd WILMINGTON DE 19808-1902 (302) 635-7013,Anthony's Coal Fired Pizza,"4805 Limestone Rd, Pike Creek, DE 19808",4805 Limestone Rd,Pike Creek,DE,19808,"P8V5+52 Pike Creek, Delaware",acfp.com,(302) 635-7013,"meda@acfp.com,media@acfp.com",https://www.facebook.com/anthonyscoalfiredpizza,,https://www.instagram.com/anthonyscoalfiredpizza/,39.742895399999995,-75.6923914,No,Pizza restaurant,4.5,695,https://lh5.googleusercontent.com/p/AF1QipNv7DMzNeemSOOnGlGG7PH2a_KlQxcQskr_AgRO=w408-h267-k-no,,$$,,,11AM–9PM,11AM–9PM,11AM–9PM,11AM–9PM,11AM–10PM,11AM–10PM,12–9PM,,"All, Menu, Food & drink, Vibe, By owner, Videos","https://www.google.com/maps/place/Anthony's+Coal+Fired+Pizza/@39.7428954,-75.6945854,17z/data=!3m1!5s0x89c7001fbbace399:0xb8bb3646b6ffe7f3!4m5!3m4!1s0x89c7001faba89f7d:0x88bee452eca8011!8m2!3d39.7428954!4d-75.6923914?hl=en",,Scraped
20,Anthony's Coal Fired Pizza 8031 Turkey Lake Rd ORLANDO FL 32819-7384 (407) 363-9466,Anthony's Coal Fired Pizza,"8031 Turkey Lake Rd Ste 300, Sand Lake, FL 32819",8031 Turkey Lake Rd Ste 300,Sand Lake,FL,32819,"CGXF+74 Sand Lake, Florida",acfp.com,(407) 363-9466,"meda@acfp.com,media@acfp.com",https://www.facebook.com/anthonyscoalfiredpizza,,https://www.instagram.com/anthonyscoalfiredpizza/,28.4481567,-81.4771877,No,Pizza restaurant,4.6,895,https://lh5.googleusercontent.com/p/AF1QipNHEQdVEhLmGuWsLY0ydgpUOV2Y57F8UHZVFqAl=w408-h407-k-no,,$$,,,11AM–9PM,11AM–9PM,11AM–9PM,11AM–9PM,11AM–10PM,11:30AM–10PM,11:30AM–9PM,,"All, Latest, Menu, Food & drink, Vibe, By owner, Street View & 360°, Videos","https://www.google.com/maps/place/Anthony's+Coal+Fired+Pizza/@28.4481567,-81.4793817,17z/data=!4m5!3m4!1s0x88e77fa978ec48dd:0xa1fb85d24678285d!8m2!3d28.4481567!4d-81.4771877?hl=en",,Scraped
19,Anthony's Coal Fired Pizza 8063 Jericho Tpke WOODBURY NY 11797-1256 (516) 367-2625,Anthony's Coal Fired Pizza,"8063 Jericho Turnpike, Woodbury, NY 11797",8063 Jericho Turnpike,Woodbury,NY,11797,"RG8G+99 Woodbury, New York",acfp.com,(516) 367-2625,"meda@acfp.com,media@acfp.com",https://www.facebook.com/anthonyscoalfiredpizza,,https://www.instagram.com/anthonyscoalfiredpizza/,40.8159161,-73.4740865,No,Pizza restaurant,4.4,336,https://lh5.googleusercontent.com/p/AF1QipOolEtW1r45jFHv0K-7kssidqscBIShhLDhyb_h=w408-h306-k-no,,$$,,,11AM–9PM,11AM–9PM,11AM–9PM,11AM–9PM,11AM–10PM,11AM–10PM,11AM–9PM,,"All, Latest, Menu, Food & drink, Vibe, By owner, Street View & 360°","https://www.google.com/maps/place/Anthony's+Coal+Fired+Pizza/@40.8159161,-73.4762805,17z/data=!3m1!5s0x89c2820dcb39ed25:0xc4d4c7b8c3f0d6f5!4m5!3m4!1s0x89c2820dd6088397:0x36cdb3c56daeaa51!8m2!3d40.8159161!4d-73.4740865?hl=en",,Scraped
18,Anthony's Coal Fired Pizza 98 US Highway 9 ENGLISHTOWN NJ 07726-8229 (732) 780-2625,Anthony's Coal Fired Pizza,"98 U.S. 9, Englishtown, NJ 07726",98 U.S. 9,Englishtown,NJ,7726,"9M2V+GW Englishtown, New Jersey",acfp.com,(732) 780-2625,"meda@acfp.com,media@acfp.com",https://www.facebook.com/anthonyscoalfiredpizza,,https://www.instagram.com/anthonyscoalfiredpizza/,40.35137460000001,-74.3052442,No,Pizza restaurant,4.3,407,https://lh5.googleusercontent.com/p/AF1QipMbIE5zd81K_irwVAIvDxe4-9LIEEaCX31vurtv=w408-h612-k-no,,$$,,,11:30AM–9PM,11:30AM–9PM,11:30AM–9PM,11:30AM–9PM,11:30AM–10PM,11:30AM–10PM,11:30AM–9PM,,"All, Latest, Menu, Food & drink, By owner, Street View & 360°","https://www.google.com/maps/place/Anthony's+Coal+Fired+Pizza/@40.3513746,-74.3074382,17z/data=!3m1!5s0x89c3d21b7ca06d61:0xba86d5591faff37d!4m5!3m4!1s0x89c3d21b83382959:0xdbd85f7004f4a4dc!8m2!3d40.3513746!4d-74.3052442?hl=en",,Scraped
17,Anthony's Coal Fired Pizza 10 Sterling Blvd ENGLEWOOD NJ 07631-4834 (201) 431-9404,Anthony's Coal Fired Pizza,"10 Sterling Blvd, Englewood, NJ 07631",10 Sterling Blvd,Englewood,NJ,7631,"V2M6+2G Englewood, New Jersey",,(201) 431-9404,,,,,40.8825516,-73.98868809999999,No,,4.3,,https://lh5.googleusercontent.com/p/AF1QipPwsGNpXg2QFEWEPUKq3stkjSdilqVcQU1-nhKV=w408-h306-k-no,,$$,,,11:30AM–10PM,11:30AM–10PM,11:30AM–10PM,11:30AM–10PM,11:30AM–11PM,11:30AM–11PM,11:30AM–10PM,,"All, Menu, Food & drink, Street View & 360°","https://www.google.com/maps/place/Anthony's+Coal+Fired+Pizza/@40.8825516,-73.9908821,17z/data=!4m5!3m4!1s0x89c2f0d6cbdddb95:0x49a19103551aceed!8m2!3d40.8825516!4d-73.9886881?hl=en",,Scraped
16,Anthony's Coal Fired Pizza 10205 S Dixie Hwy PINECREST FL 33156-3167 (305) 740-5800,Anthony's Coal Fired Pizza,"10205 S Dixie Hwy Ste 100, Pinecrest, FL 33156",10205 S Dixie Hwy Ste 100,Pinecrest,FL,33156,"MMGJ+2G Pinecrest, Florida",acfp.com,(305) 740-5800,"meda@acfp.com,media@acfp.com",https://www.facebook.com/anthonyscoalfiredpizza,,https://www.instagram.com/anthonyscoalfiredpizza/,25.6750174,-80.3186558,No,Pizza restaurant,4.4,654,https://lh5.googleusercontent.com/p/AF1QipOhSVu7-8Hp7IePMnv43BidwHvzkSERRaJy6vG4=w408-h725-k-no,,$$,,,11:30AM–9:30PM,11:30AM–9:30PM,11:30AM–9:30PM,11:30AM–9:30PM,11:30AM–10PM,11:30AM–10PM,11:30AM–9:30PM,,"All, Latest, Menu, Food & drink, Vibe, Street View & 360°","https://www.google.com/maps/place/Anthony's+Coal+Fired+Pizza/@25.6750174,-80.3208498,17z/data=!4m5!3m4!1s0x88d9c7aa510d294d:0x6235ec1b02f7fa1e!8m2!3d25.6750174!4d-80.3186558?hl=en",,Scraped
15,Anthony's Coal Fired Pizza 11037 Pines Blvd PEMBROKE PINES FL 33026-5217 (954) 443-6610,Anthony's Coal Fired Pizza,"11037 Pines Blvd, Pembroke Pines, FL 33026",11037 Pines Blvd,Pembroke Pines,FL,33026,"2P53+FX Pembroke Pines, Florida",acfp.com,(954) 443-6610,"meda@acfp.com,media@acfp.com",https://www.facebook.com/anthonyscoalfiredpizza,,https://www.instagram.com/anthonyscoalfiredpizza/,26.0086525,-80.2950413,No,Pizza restaurant,4.4,631,https://lh5.googleusercontent.com/p/AF1QipNqm1Qj2smkOBpZfzLh1xQ7iBv932XdnCrJNlao=w468-h240-k-no,,$$,,,11:30AM–9:30PM,11:30AM–9:30PM,11:30AM–9:30PM,11:30AM–9:30PM,11:30AM–10PM,11:30AM–10PM,11:30AM–9:30PM,,"All, Menu, Food & drink, Vibe, By owner, Street View & 360°, Videos","https://www.google.com/maps/place/Anthony's+Coal+Fired+Pizza/@26.0086525,-80.2972353,17z/data=!4m5!3m4!1s0x88d9a60ddc7f4df9:0x562aaab879c9e163!8m2!3d26.0086525!4d-80.2950413?hl=en",,Scraped
14,Anthony's Coal Fired Pizza 115 NE 6th Ave DELRAY BEACH FL 33483-5422 (561) 278-7911,Anthony's Coal Fired Pizza,"115 NE 6th Ave, Delray Beach, FL 33483",115 NE 6th Ave,Delray Beach,FL,33483,"FW7M+G7 Delray Beach, Florida",acfp.com,(561) 278-7911,"meda@acfp.com,media@acfp.com",https://www.facebook.com/anthonyscoalfiredpizza,,https://www.instagram.com/anthonyscoalfiredpizza/,26.4637515,-80.0668132,No,Pizza restaurant,4.5,910,https://lh5.googleusercontent.com/p/AF1QipMMXkSL_ODpg6J46I_mkU2_AZSrNmJPRihlrQZ4=w408-h271-k-no,,$$,,,11:30AM–9:30PM,11:30AM–9:30PM,11:30AM–9:30PM,11:30AM–9:30PM,11:30AM–10PM,11:30AM–10PM,11:30AM–9:30PM,,"All, Latest, Menu, Food & drink, Vibe, By owner, Street View & 360°, Videos","https://www.google.com/maps/place/Anthony's+Coal+Fired+Pizza/@26.4637515,-80.0690072,17z/data=!4m5!3m4!1s0x88d8dfc51a869405:0x1cad4bdd8ea3286f!8m2!3d26.4637515!4d-80.0668132?hl=en",,Scraped
13,Anthony's Coal Fired Pizza 1901 S Dale Mabry Hwy TAMPA FL 33629-5816 (813) 258-2625,Anthony's Coal Fired Pizza,"1901 S Dale Mabry Hwy, Tampa, FL 33629",1901 S Dale Mabry Hwy,Tampa,FL,33629,"WFGV+VF Tampa, Florida",acfp.com,(813) 258-2625,"meda@acfp.com,media@acfp.com",https://www.facebook.com/anthonyscoalfiredpizza,,https://www.instagram.com/anthonyscoalfiredpizza/,27.9271341,-82.5063004,No,Pizza restaurant,4.3,637,https://lh5.googleusercontent.com/p/AF1QipNtpR2EonUg0SFfl-rkF5kZF4psdB8oFbhkXLE8=w408-h271-k-no,,$$,,,11AM–9PM,11AM–9PM,11AM–9PM,11AM–9PM,11AM–10PM,11:30AM–10PM,11:30AM–9PM,,"All, Latest, Menu, Food & drink, Vibe, By owner, Street View & 360°","https://www.google.com/maps/place/Anthony's+Coal+Fired+Pizza/@27.9271341,-82.5084944,17z/data=!4m5!3m4!1s0x88c2c33c94307c35:0xeae139d2760ef9c6!8m2!3d27.9271341!4d-82.5063004?hl=en",,Scraped
12,Anthony's Coal Fired Pizza 2045 MacKenzie Way CRANBERRY TOWNSHIP PA 16066-5337 (724) 742-1212,Anthony's Coal Fired Pizza,"2045 Mackenzie Way, Cranberry Twp, PA 16066",2045 Mackenzie Way,Cranberry Twp,PA,16066,"MWP6+R7 Cranberry Twp, Pennsylvania",acfp.com,(724) 742-1212,"meda@acfp.com,media@acfp.com",https://www.facebook.com/anthonyscoalfiredpizza,,https://www.instagram.com/anthonyscoalfiredpizza/,40.6870018,-80.08937209999999,No,Pizza restaurant,4.2,521,https://lh5.googleusercontent.com/p/AF1QipNOISMYGIp-1fg4Euoj9QTsuKRxnCTh2PMNJPJp=w408-h306-k-no,,$$,,,11:30AM–9PM,11:30AM–9PM,11:30AM–9PM,11:30AM–9PM,11:30AM–10PM,11:30AM–10PM,11:30AM–9PM,,"All, Latest, Menu, Food & drink, Vibe, By owner, Street View & 360°","https://www.google.com/maps/place/Anthony's+Coal+Fired+Pizza/@40.6870018,-80.0915661,17z/data=!4m5!3m4!1s0x883488045ad4d291:0x8b1bf24be21113b3!8m2!3d40.6870018!4d-80.0893721?hl=en",,Scraped
11,Anthony's Coal Fired Pizza 220 Hillside Rd CRANSTON RI 2920 (401) 943-1601,Anthony's Coal Fired Pizza,"220 Hillside Rd, Cranston, RI 02920",220 Hillside Rd,Cranston,RI,2920,"QG5R+4R Cranston, Rhode Island",acfp.com,(401) 943-1601,"meda@acfp.com,media@acfp.com",https://www.facebook.com/anthonyscoalfiredpizza,,https://www.instagram.com/anthonyscoalfiredpizza/,41.7578211,-71.457904,No,Pizza restaurant,4.3,540,https://lh5.googleusercontent.com/p/AF1QipN4nTVTmn6kspOZUm1nW_CbIXMeO6OgZRvn465r=w408-h262-k-no,,$$,,,11:30AM–9PM,11:30AM–9PM,11:30AM–9PM,11:30AM–9PM,11:30AM–10PM,11:30AM–10PM,11:30AM–9PM,,"All, Latest, Menu, Food & drink, Vibe, By owner, Street View & 360°","https://www.google.com/maps/place/Anthony's+Coal+Fired+Pizza/@41.7578211,-71.460098,17z/data=!3m1!4b1!4m5!3m4!1s0x89e44edcbb797da5:0x18cc88cc953da130!8m2!3d41.7578211!4d-71.457904?hl=en",,Scraped
10,Anthony's Coal Fired Pizza 2302 Nesconset Hwy STONY BROOK NY 11790-3509 (631) 444-0818,Anthony's Coal Fired Pizza,"2302 Nesconset Hwy B, Stony Brook, NY 11790",2302 Nesconset Hwy B,Stony Brook,NY,11790,"VVGH+25 Stony Brook, New York",acfp.com,(631) 444-0818,"meda@acfp.com,media@acfp.com",https://www.facebook.com/anthonyscoalfiredpizza,,https://www.instagram.com/anthonyscoalfiredpizza/,40.8750085,-73.122108,No,Pizza restaurant,4.4,270,https://lh5.googleusercontent.com/p/AF1QipOpV3D3cJRHTHMkheTaO9eIkERx3waBwkckQgtJ=w408-h306-k-no,,$$,,,11:30AM–10PM,11:30AM–10PM,11:30AM–10PM,11:30AM–10PM,11:30AM–11PM,11:30AM–11PM,11:30AM–10PM,,"All, Menu, Food & drink, Street View & 360°","https://www.google.com/maps/place/Anthony's+Coal+Fired+Pizza/@40.8750085,-73.124302,17z/data=!4m5!3m4!1s0x89e838f011b7e661:0x5430ab02681d5d43!8m2!3d40.8750085!4d-73.122108?hl=en",,Scraped
9,Anthony's Coal Fired Pizza 2626 Ponce De Leon Blvd CORAL GABLES FL 33134-6054 (786) 456-9200,Anthony's Coal Fired Pizza,"2626 Ponce de Leon Blvd, Coral Gables, FL 33134",2626 Ponce de Leon Blvd,Coral Gables,FL,33134,"PPWR+WF Coral Gables, Florida",acfp.com,(786) 456-9200,"meda@acfp.com,media@acfp.com",https://www.facebook.com/anthonyscoalfiredpizza,,https://www.instagram.com/anthonyscoalfiredpizza/,25.747264899999998,-80.258834,No,Pizza restaurant,4.4,628,https://lh5.googleusercontent.com/p/AF1QipPTkVmLytGfxluhlsLQ_r5W3hKBjjaS-ZSINRCW=w408-h725-k-no,,$$,,,11AM–9:30PM,11AM–9:30PM,11AM–9:30PM,11AM–9:30PM,11AM–10PM,11:30AM–10PM,11:30AM–9:30PM,,"All, Latest, Food & drink, Vibe, By owner, Street View & 360°, Videos","https://www.google.com/maps/place/Anthony's+Coal+Fired+Pizza/@25.7472649,-80.261028,17z/data=!4m5!3m4!1s0x88d9b79723c52b17:0x7fbb5e4f563fe2a0!8m2!3d25.7472649!4d-80.258834?hl=en",,Scraped
8,Anthony's Coal Fired Pizza 264 Main St WHITE PLAINS NY 10601-2404 (914) 358-9702,Anthony's Coal Fired Pizza,"264 Main St, White Plains, NY 10601",264 Main St,White Plains,NY,10601,"26MP+9F White Plains, New York",,(914) 358-9702,,,,,41.0334529,-73.763819,No,Pizza restaurant,4.3,542,https://lh5.googleusercontent.com/p/AF1QipMHwIEKYUgH8--IngGL-NVpUZUNTW0ePu6hmajV=w426-h240-k-no,,$$,,,11:30AM–8PM,11:30AM–8PM,11:30AM–8PM,11:30AM–8PM,11:30AM–8PM,11:30AM–8PM,11:30AM–8PM,,"All, Menu, Food & drink, Vibe, Street View & 360°, Videos","https://www.google.com/maps/place/Anthony's+Coal+Fired+Pizza/@41.0334529,-73.766013,17z/data=!4m5!3m4!1s0x89c2943167f07011:0xa5efae4d77ed3997!8m2!3d41.0334529!4d-73.763819?hl=en",,Scraped
7,Anthony's Coal Fired Pizza 3111 SW 160th Ave MIRAMAR FL 33027-4214 (954) 392-3811,Anthony's Coal Fired Pizza,"3111 SW 160th Ave, Miramar, FL 33027",3111 SW 160th Ave,Miramar,FL,33027,"XJJV+H8 Miramar, Florida",acfp.com,(954) 392-3811,"meda@acfp.com,media@acfp.com",https://www.facebook.com/anthonyscoalfiredpizza,,https://www.instagram.com/anthonyscoalfiredpizza/,25.981473,-80.356708,No,Pizza restaurant,4.4,529,https://lh5.googleusercontent.com/p/AF1QipOdKIBjxIbOYgUFWxLYSfmqdRaJE2OjqteUN-EN=w408-h544-k-no,,$$,,,11AM–9:30PM,11AM–9:30PM,11AM–9:30PM,11AM–9:30PM,11AM–10PM,11:30AM–10PM,11:30AM–9:30PM,,"All, Menu, Food & drink, Vibe, By owner, Street View & 360°, Videos","https://www.google.com/maps/place/Anthony's+Coal+Fired+Pizza/@25.981473,-80.358902,17z/data=!4m5!3m4!1s0x88d9a40c8444d04d:0x6a57c334fdd100e!8m2!3d25.981473!4d-80.356708?hl=en",,Scraped
6,Anthony's Coal Fired Pizza 4527 Weston Rd WESTON FL 33331-3139 (954) 358-2625,Anthony's Coal Fired Pizza,"4527 Weston Rd, Weston, FL 33331",4527 Weston Rd,Weston,FL,33331,"3J7P+CF Weston, Florida",acfp.com,(954) 358-2625,"meda@acfp.com,media@acfp.com",https://www.facebook.com/anthonyscoalfiredpizza,,https://www.instagram.com/anthonyscoalfiredpizza/,26.063522,-80.36386800000001,No,Pizza restaurant,4.4,654,https://lh5.googleusercontent.com/p/AF1QipNxz0jBpMd7kn2WWJJ_pb8hxFQWVd0qy9uXKbTD=w408-h408-k-no,,$$,,,11:30AM–9:30PM,11:30AM–9:30PM,11:30AM–9:30PM,11:30AM–9:30PM,11:30AM–10PM,11:30AM–10PM,11:30AM–9:30PM,,"All, Menu, Food & drink, Vibe, By owner, Street View & 360°","https://www.google.com/maps/place/Anthony's+Coal+Fired+Pizza/@26.063522,-80.366062,17z/data=!3m1!5s0x88d9a732f9d2d42b:0x5bc97090ceeb6397!4m5!3m4!1s0x88d9a7324540f7e1:0x4a53a5d0f4ec36d6!8m2!3d26.063522!4d-80.363868?hl=en",,Scraped
5,Anthony's Coal Fired Pizza 48 Walkers Brook Dr READING MA 01867-3224 (781) 944-8454,Anthony's Coal Fired Pizza,"48 Walkers Brook Dr, Reading, MA 01867",48 Walkers Brook Dr,Reading,MA,1867,"GW95+V3 Reading, Massachusetts",acfp.com,(781) 944-8454,"meda@acfp.com,media@acfp.com",https://www.facebook.com/anthonyscoalfiredpizza,,https://www.instagram.com/anthonyscoalfiredpizza/,42.5197092,-71.0923497,No,Pizza restaurant,4.3,203,https://lh5.googleusercontent.com/p/AF1QipPsiwpUkKF4i0LGbod5OkVkOh6AKjSt8vRlarc=w408-h332-k-no,,$$,,,11:30AM–9PM,11:30AM–9PM,11:30AM–9PM,11:30AM–9PM,11:30AM–10PM,11:30AM–10PM,11:30AM–9PM,,"All, Food & drink, By owner, Street View & 360°","https://www.google.com/maps/place/Anthony's+Coal+Fired+Pizza/@42.5197092,-71.0945437,17z/data=!3m1!5s0x89e30ca621835051:0x5ebfbcc69564a377!4m5!3m4!1s0x89e30ca61a270905:0xe34b16a880fa3b76!8m2!3d42.5197092!4d-71.0923497?hl=en",,Scraped
4,Anthony's Coal Fired Pizza 50 East Wynnewood Road WYNNEWOOD PA 19096 (610) 645-5453,Anthony's Coal Fired Pizza,"50 E Wynnewood Rd, Wynnewood, PA 19096",50 E Wynnewood Rd,Wynnewood,PA,19096,"2P2H+P9 Wynnewood, Pennsylvania",acfp.com,(610) 645-5453,"meda@acfp.com,media@acfp.com",https://www.facebook.com/anthonyscoalfiredpizza,,https://www.instagram.com/anthonyscoalfiredpizza/,40.001757,-75.2715127,No,Pizza restaurant,4.1,322,https://lh5.googleusercontent.com/p/AF1QipO8XMHUnpO_YdHGt_sN6Us9X3_3mgJKbaaL9wNl=w408-h306-k-no,,$$,,,11AM–9PM,11AM–9PM,11AM–9PM,11AM–9PM,11AM–10PM,11AM–10PM,12–9PM,,"All, Menu, Food & drink, By owner, Street View & 360°, Videos","https://www.google.com/maps/place/Anthony's+Coal+Fired+Pizza/@40.001757,-75.2737067,17z/data=!4m5!3m4!1s0x89c6c097af37750f:0x93ec6ab9dcf4eee4!8m2!3d40.001757!4d-75.2715127?hl=en",,Scraped
3,Anthony's Coal Fired Pizza 6401 Jericho Tpke COMMACK NY 11725-2832 (631) 858-2625,Anthony's Coal Fired Pizza,"6401 Jericho Turnpike, Commack, NY 11725",6401 Jericho Turnpike,Commack,NY,11725,"RPV4+G4 Commack, New York",acfp.com,(631) 858-2625,"meda@acfp.com,media@acfp.com",https://www.facebook.com/anthonyscoalfiredpizza,,https://www.instagram.com/anthonyscoalfiredpizza/,40.8438174,-73.2946874,No,Pizza restaurant,4.3,388,https://lh5.googleusercontent.com/p/AF1QipMae-nnetCtTmpW7qorDcCGtyjEEi03PVQ3VCpu=w408-h270-k-no,,$$,,,11AM–9PM,11AM–9PM,11AM–9PM,11AM–9PM,11AM–10PM,11AM–10PM,11AM–9PM,,"All, Latest, Menu, Food & drink, By owner, Street View & 360°","https://www.google.com/maps/place/Anthony's+Coal+Fired+Pizza/@40.8438174,-73.2968814,17z/data=!3m1!5s0x89e82ff221e1469d:0xd4dfcf94e6d07aa7!4m5!3m4!1s0x89e82ff18aa4985b:0x425e7f425cadfe93!8m2!3d40.8438174!4d-73.2946874?hl=en",,Scraped
2,Anthony's Coal Fired Pizza 80 Parsonage Rd EDISON NJ 08837-2416 (732) 744-1500,Anthony's Coal Fired Pizza,"80 Parsonage Rd, Edison, NJ 08837",80 Parsonage Rd,Edison,NJ,8837,"HM28+5C Edison, New Jersey",acfp.com,(732) 744-1500,"meda@acfp.com,media@acfp.com",https://www.facebook.com/anthonyscoalfiredpizza,,https://www.instagram.com/anthonyscoalfiredpizza/,40.550446799999996,-74.3339765,No,Pizza restaurant,4.4,801,https://lh5.googleusercontent.com/p/AF1QipNb8aLUlWEw72CuyXpnL-9GOLwQYsWPo7f1aCEO=w408-h271-k-no,,$$,,,11:30AM–9PM,11:30AM–9PM,11:30AM–9PM,11:30AM–9PM,11AM–10PM,11:30AM–10PM,11:30AM–9PM,,"All, Latest, Menu, Food & drink, Vibe, By owner, Street View & 360°, Videos","https://www.google.com/maps/place/Anthony's+Coal+Fired+Pizza/@40.5504468,-74.3361705,17z/data=!4m5!3m4!1s0x89c3b66a7fb150cb:0x116e8f27a7d6a835!8m2!3d40.5504468!4d-74.3339765?hl=en",,Scraped
1,Anthony's Coal Fired Pizza 984 State Rt 17 RAMSEY NJ 07446-1607 (201) 818-2625,Anthony's Coal Fired Pizza,"984 NJ-17, Ramsey, NJ 07446",984 NJ-17,Ramsey,NJ,7446,"3V89+CG Ramsey, New Jersey",acfp.com,(201) 818-2625,"meda@acfp.com,media@acfp.com",https://www.facebook.com/anthonyscoalfiredpizza,,https://www.instagram.com/anthonyscoalfiredpizza/,41.0660758,-74.1311759,No,Pizza restaurant,4.4,385,https://lh5.googleusercontent.com/p/AF1QipND1CjIZzRm_tlu-IvlV4C5t9iXL5ADX5jZxVv3=w408-h408-k-no,,$$,,,11:30AM–10PM,11:30AM–10PM,11:30AM–10PM,11:30AM–10PM,11:30AM–10PM,11:30AM–10PM,11:30AM–9PM,,"All, Menu, Food & drink, By owner","https://www.google.com/maps/place/Anthony's+Coal+Fired+Pizza/@41.0660758,-74.1333699,17z/data=!4m5!3m4!1s0x89c2e6ad0fda7d1f:0xc824dbd388bf2e86!8m2!3d41.0660758!4d-74.1311759?hl=en",,
